{"playerPosition":{"x":559.9835205078125,"y":27.599998474121095,"z":464.9668884277344},"playerRotation":{"x":0.0,"y":-0.7863962054252625,"z":0.0,"w":0.6177225112915039},"isDoorLocked":false,"usedKeys":[2,5,6],"gameVolume":1.0}