{"playerPosition":{"x":575.9093017578125,"y":26.849998474121095,"z":462.0361022949219},"playerRotation":{"x":0.0,"y":-0.6797610521316528,"z":0.0,"w":0.733433723449707},"isDoorLocked":true,"usedKeys":[],"gameVolume":1.0}