{"playerPosition":{"x":577.2433471679688,"y":27.898958206176759,"z":453.4515380859375},"playerRotation":{"x":0.0,"y":-0.2172924131155014,"z":0.0,"w":-0.9761066436767578},"isDoorLocked":true,"usedKeys":[2,5],"gameVolume":1.0}